Workbook

Sheet TABELLONE FINALE
A1: POSIZIONE | B1: Giocatore 1 | C1: Giocatore 2 | D1: Punteggio assegnato | F1: TORNEO A | G1: 64 | H1: SQUADRE
A2: ='CELLE NOTEVOLI'!A2 -> VINCITORE - 1° POSTO | B2: PIPPO | C2: FRANCO | D2: =IF($A2="","",IF($A2='CELLE NOTEVOLI'!$A$2,1+($G$5*1)+(($G$3-2)*2)+(2*5),IF($A2='CELLE NOTEVOLI'!$A$3,$D1-5,IF($A2='CELLE NOTEVOLI'!$A$4,$D1-5,IF(OR($A2='CELLE NOTEVOLI'!$A$5,$A2='CELLE NOTEVOLI'!$A$6,$A2='CELLE NOTEVOLI'!$A$7,$A2='CELLE NOTEVOLI'!$A$8),IF($A2=$A1,$D1,$D1-2),$D1-1))))) -> 103
A3: ='CELLE NOTEVOLI'!A3 -> FINALISTA - 2° POSTO | B3: CACCA | C3: PIPI | D3: =IF($A3="","",IF($A3='CELLE NOTEVOLI'!$A$2,1+($G$5*1)+(($G$3-2)*2)+(2*5),IF($A3='CELLE NOTEVOLI'!$A$3,$D2-5,IF($A3='CELLE NOTEVOLI'!$A$4,$D2-5,IF(OR($A3='CELLE NOTEVOLI'!$A$5,$A3='CELLE NOTEVOLI'!$A$6,$A3='CELLE NOTEVOLI'!$A$7,$A3='CELLE NOTEVOLI'!$A$8),IF($A3=$A2,$D2,$D2-2),$D2-1))))) -> 98 | F3: FASE FINALE A | G3: 32 | H3: SQUADRE
A4: =IF(COUNTA($A$2:$A3)>$G$3-1,COUNTA($A$2:$A3)+1&'CELLE NOTEVOLI'!$A$9,'CELLE NOTEVOLI'!$A$4) -> SEMIFINALISTA - 3° POSTO | D4: =IF($A4="","",IF($A4='CELLE NOTEVOLI'!$A$2,1+($G$5*1)+(($G$3-2)*2)+(2*5),IF($A4='CELLE NOTEVOLI'!$A$3,$D3-5,IF($A4='CELLE NOTEVOLI'!$A$4,$D3-5,IF(OR($A4='CELLE NOTEVOLI'!$A$5,$A4='CELLE NOTEVOLI'!$A$6,$A4='CELLE NOTEVOLI'!$A$7,$A4='CELLE NOTEVOLI'!$A$8),IF($A4=$A3,$D3,$D3-2),$D3-1))))) -> 93
A5: =IF(COUNTA($A$2:$A4)>$G$3-1,COUNTA($A$2:$A4)+1&'CELLE NOTEVOLI'!$A$9,'CELLE NOTEVOLI'!$A$5) -> SEMIFINALISTA - 4° POSTO | D5: =IF($A5="","",IF($A5='CELLE NOTEVOLI'!$A$2,1+($G$5*1)+(($G$3-2)*2)+(2*5),IF($A5='CELLE NOTEVOLI'!$A$3,$D4-5,IF($A5='CELLE NOTEVOLI'!$A$4,$D4-5,IF(OR($A5='CELLE NOTEVOLI'!$A$5,$A5='CELLE NOTEVOLI'!$A$6,$A5='CELLE NOTEVOLI'!$A$7,$A5='CELLE NOTEVOLI'!$A$8),IF($A5=$A4,$D4,$D4-2),$D4-1))))) -> 91 | F5: USCITI AI GIRONI | G5: =G1-G3 -> 32 | H5: SQUADRE
A6: =IF(COUNTA($A$2:$A5)>$G$3-1,COUNTA($A$2:$A5)+1&'CELLE NOTEVOLI'!$A$9,'CELLE NOTEVOLI'!$A$6) -> USCITI AI QUARTI DI FINALE | D6: =IF($A6="","",IF($A6='CELLE NOTEVOLI'!$A$2,1+($G$5*1)+(($G$3-2)*2)+(2*5),IF($A6='CELLE NOTEVOLI'!$A$3,$D5-5,IF($A6='CELLE NOTEVOLI'!$A$4,$D5-5,IF(OR($A6='CELLE NOTEVOLI'!$A$5,$A6='CELLE NOTEVOLI'!$A$6,$A6='CELLE NOTEVOLI'!$A$7,$A6='CELLE NOTEVOLI'!$A$8),IF($A6=$A5,$D5,$D5-2),$D5-1))))) -> 89
A7: =IF(COUNTA($A$2:$A6)>$G$3-1,COUNTA($A$2:$A6)+1&'CELLE NOTEVOLI'!$A$9,'CELLE NOTEVOLI'!$A$6) -> USCITI AI QUARTI DI FINALE | D7: =IF($A7="","",IF($A7='CELLE NOTEVOLI'!$A$2,1+($G$5*1)+(($G$3-2)*2)+(2*5),IF($A7='CELLE NOTEVOLI'!$A$3,$D6-5,IF($A7='CELLE NOTEVOLI'!$A$4,$D6-5,IF(OR($A7='CELLE NOTEVOLI'!$A$5,$A7='CELLE NOTEVOLI'!$A$6,$A7='CELLE NOTEVOLI'!$A$7,$A7='CELLE NOTEVOLI'!$A$8),IF($A7=$A6,$D6,$D6-2),$D6-1))))) -> 89
A8: =IF(COUNTA($A$2:$A7)>$G$3-1,COUNTA($A$2:$A7)+1&'CELLE NOTEVOLI'!$A$9,'CELLE NOTEVOLI'!$A$6) -> USCITI AI QUARTI DI FINALE | D8: =IF($A8="","",IF($A8='CELLE NOTEVOLI'!$A$2,1+($G$5*1)+(($G$3-2)*2)+(2*5),IF($A8='CELLE NOTEVOLI'!$A$3,$D7-5,IF($A8='CELLE NOTEVOLI'!$A$4,$D7-5,IF(OR($A8='CELLE NOTEVOLI'!$A$5,$A8='CELLE NOTEVOLI'!$A$6,$A8='CELLE NOTEVOLI'!$A$7,$A8='CELLE NOTEVOLI'!$A$8),IF($A8=$A7,$D7,$D7-2),$D7-1))))) -> 89
A9: =IF(COUNTA($A$2:$A8)>$G$3-1,COUNTA($A$2:$A8)+1&'CELLE NOTEVOLI'!$A$9,'CELLE NOTEVOLI'!$A$6) -> USCITI AI QUARTI DI FINALE | D9: =IF($A9="","",IF($A9='CELLE NOTEVOLI'!$A$2,1+($G$5*1)+(($G$3-2)*2)+(2*5),IF($A9='CELLE NOTEVOLI'!$A$3,$D8-5,IF($A9='CELLE NOTEVOLI'!$A$4,$D8-5,IF(OR($A9='CELLE NOTEVOLI'!$A$5,$A9='CELLE NOTEVOLI'!$A$6,$A9='CELLE NOTEVOLI'!$A$7,$A9='CELLE NOTEVOLI'!$A$8),IF($A9=$A8,$D8,$D8-2),$D8-1))))) -> 89
A10: =IF(COUNTA($A$2:$A9)>$G$3-1,COUNTA($A$2:$A9)+1&'CELLE NOTEVOLI'!$A$9,'CELLE NOTEVOLI'!$A$7) -> USCITI AGLI OTTAVI DI FINALE | D10: =IF($A10="","",IF($A10='CELLE NOTEVOLI'!$A$2,1+($G$5*1)+(($G$3-2)*2)+(2*5),IF($A10='CELLE NOTEVOLI'!$A$3,$D9-5,IF($A10='CELLE NOTEVOLI'!$A$4,$D9-5,IF(OR($A10='CELLE NOTEVOLI'!$A$5,$A10='CELLE NOTEVOLI'!$A$6,$A10='CELLE NOTEVOLI'!$A$7,$A10='CELLE NOTEVOLI'!$A$8),IF($A10=$A9,$D9,$D9-2),$D9-1))))) -> 87
A11: =IF(COUNTA($A$2:$A10)>$G$3-1,COUNTA($A$2:$A10)+1&'CELLE NOTEVOLI'!$A$9,'CELLE NOTEVOLI'!$A$7) -> USCITI AGLI OTTAVI DI FINALE | D11: =IF($A11="","",IF($A11='CELLE NOTEVOLI'!$A$2,1+($G$5*1)+(($G$3-2)*2)+(2*5),IF($A11='CELLE NOTEVOLI'!$A$3,$D10-5,IF($A11='CELLE NOTEVOLI'!$A$4,$D10-5,IF(OR($A11='CELLE NOTEVOLI'!$A$5,$A11='CELLE NOTEVOLI'!$A$6,$A11='CELLE NOTEVOLI'!$A$7,$A11='CELLE NOTEVOLI'!$A$8),IF($A11=$A10,$D10,$D10-2),$D10-1))))) -> 87
A12: =IF(COUNTA($A$2:$A11)>$G$3-1,COUNTA($A$2:$A11)+1&'CELLE NOTEVOLI'!$A$9,'CELLE NOTEVOLI'!$A$7) -> USCITI AGLI OTTAVI DI FINALE | D12: =IF($A12="","",IF($A12='CELLE NOTEVOLI'!$A$2,1+($G$5*1)+(($G$3-2)*2)+(2*5),IF($A12='CELLE NOTEVOLI'!$A$3,$D11-5,IF($A12='CELLE NOTEVOLI'!$A$4,$D11-5,IF(OR($A12='CELLE NOTEVOLI'!$A$5,$A12='CELLE NOTEVOLI'!$A$6,$A12='CELLE NOTEVOLI'!$A$7,$A12='CELLE NOTEVOLI'!$A$8),IF($A12=$A11,$D11,$D11-2),$D11-1))))) -> 87
A13: =IF(COUNTA($A$2:$A12)>$G$3-1,COUNTA($A$2:$A12)+1&'CELLE NOTEVOLI'!$A$9,'CELLE NOTEVOLI'!$A$7) -> USCITI AGLI OTTAVI DI FINALE | D13: =IF($A13="","",IF($A13='CELLE NOTEVOLI'!$A$2,1+($G$5*1)+(($G$3-2)*2)+(2*5),IF($A13='CELLE NOTEVOLI'!$A$3,$D12-5,IF($A13='CELLE NOTEVOLI'!$A$4,$D12-5,IF(OR($A13='CELLE NOTEVOLI'!$A$5,$A13='CELLE NOTEVOLI'!$A$6,$A13='CELLE NOTEVOLI'!$A$7,$A13='CELLE NOTEVOLI'!$A$8),IF($A13=$A12,$D12,$D12-2),$D12-1))))) -> 87
A14: =IF(COUNTA($A$2:$A13)>$G$3-1,COUNTA($A$2:$A13)+1&'CELLE NOTEVOLI'!$A$9,'CELLE NOTEVOLI'!$A$7) -> USCITI AGLI OTTAVI DI FINALE | D14: =IF($A14="","",IF($A14='CELLE NOTEVOLI'!$A$2,1+($G$5*1)+(($G$3-2)*2)+(2*5),IF($A14='CELLE NOTEVOLI'!$A$3,$D13-5,IF($A14='CELLE NOTEVOLI'!$A$4,$D13-5,IF(OR($A14='CELLE NOTEVOLI'!$A$5,$A14='CELLE NOTEVOLI'!$A$6,$A14='CELLE NOTEVOLI'!$A$7,$A14='CELLE NOTEVOLI'!$A$8),IF($A14=$A13,$D13,$D13-2),$D13-1))))) -> 87
A15: =IF(COUNTA($A$2:$A14)>$G$3-1,COUNTA($A$2:$A14)+1&'CELLE NOTEVOLI'!$A$9,'CELLE NOTEVOLI'!$A$7) -> USCITI AGLI OTTAVI DI FINALE | D15: =IF($A15="","",IF($A15='CELLE NOTEVOLI'!$A$2,1+($G$5*1)+(($G$3-2)*2)+(2*5),IF($A15='CELLE NOTEVOLI'!$A$3,$D14-5,IF($A15='CELLE NOTEVOLI'!$A$4,$D14-5,IF(OR($A15='CELLE NOTEVOLI'!$A$5,$A15='CELLE NOTEVOLI'!$A$6,$A15='CELLE NOTEVOLI'!$A$7,$A15='CELLE NOTEVOLI'!$A$8),IF($A15=$A14,$D14,$D14-2),$D14-1))))) -> 87
A16: =IF(COUNTA($A$2:$A15)>$G$3-1,COUNTA($A$2:$A15)+1&'CELLE NOTEVOLI'!$A$9,'CELLE NOTEVOLI'!$A$7) -> USCITI AGLI OTTAVI DI FINALE | D16: =IF($A16="","",IF($A16='CELLE NOTEVOLI'!$A$2,1+($G$5*1)+(($G$3-2)*2)+(2*5),IF($A16='CELLE NOTEVOLI'!$A$3,$D15-5,IF($A16='CELLE NOTEVOLI'!$A$4,$D15-5,IF(OR($A16='CELLE NOTEVOLI'!$A$5,$A16='CELLE NOTEVOLI'!$A$6,$A16='CELLE NOTEVOLI'!$A$7,$A16='CELLE NOTEVOLI'!$A$8),IF($A16=$A15,$D15,$D15-2),$D15-1))))) -> 87
A17: =IF(COUNTA($A$2:$A16)>$G$3-1,COUNTA($A$2:$A16)+1&'CELLE NOTEVOLI'!$A$9,'CELLE NOTEVOLI'!$A$7) -> USCITI AGLI OTTAVI DI FINALE | D17: =IF($A17="","",IF($A17='CELLE NOTEVOLI'!$A$2,1+($G$5*1)+(($G$3-2)*2)+(2*5),IF($A17='CELLE NOTEVOLI'!$A$3,$D16-5,IF($A17='CELLE NOTEVOLI'!$A$4,$D16-5,IF(OR($A17='CELLE NOTEVOLI'!$A$5,$A17='CELLE NOTEVOLI'!$A$6,$A17='CELLE NOTEVOLI'!$A$7,$A17='CELLE NOTEVOLI'!$A$8),IF($A17=$A16,$D16,$D16-2),$D16-1))))) -> 87
A18: =IF(COUNTA($A$2:$A17)>$G$3-1,COUNTA($A$2:$A17)+1&'CELLE NOTEVOLI'!$A$9,'CELLE NOTEVOLI'!$A$8) -> USCITI AI SEDICESIMI DI FINALE | D18: =IF($A18="","",IF($A18='CELLE NOTEVOLI'!$A$2,1+($G$5*1)+(($G$3-2)*2)+(2*5),IF($A18='CELLE NOTEVOLI'!$A$3,$D17-5,IF($A18='CELLE NOTEVOLI'!$A$4,$D17-5,IF(OR($A18='CELLE NOTEVOLI'!$A$5,$A18='CELLE NOTEVOLI'!$A$6,$A18='CELLE NOTEVOLI'!$A$7,$A18='CELLE NOTEVOLI'!$A$8),IF($A18=$A17,$D17,$D17-2),$D17-1))))) -> 85
A19: =IF(COUNTA($A$2:$A18)>$G$3-1,COUNTA($A$2:$A18)+1&'CELLE NOTEVOLI'!$A$9,'CELLE NOTEVOLI'!$A$8) -> USCITI AI SEDICESIMI DI FINALE | D19: =IF($A19="","",IF($A19='CELLE NOTEVOLI'!$A$2,1+($G$5*1)+(($G$3-2)*2)+(2*5),IF($A19='CELLE NOTEVOLI'!$A$3,$D18-5,IF($A19='CELLE NOTEVOLI'!$A$4,$D18-5,IF(OR($A19='CELLE NOTEVOLI'!$A$5,$A19='CELLE NOTEVOLI'!$A$6,$A19='CELLE NOTEVOLI'!$A$7,$A19='CELLE NOTEVOLI'!$A$8),IF($A19=$A18,$D18,$D18-2),$D18-1))))) -> 85
A20: =IF(COUNTA($A$2:$A19)>$G$3-1,COUNTA($A$2:$A19)+1&'CELLE NOTEVOLI'!$A$9,'CELLE NOTEVOLI'!$A$8) -> USCITI AI SEDICESIMI DI FINALE | D20: =IF($A20="","",IF($A20='CELLE NOTEVOLI'!$A$2,1+($G$5*1)+(($G$3-2)*2)+(2*5),IF($A20='CELLE NOTEVOLI'!$A$3,$D19-5,IF($A20='CELLE NOTEVOLI'!$A$4,$D19-5,IF(OR($A20='CELLE NOTEVOLI'!$A$5,$A20='CELLE NOTEVOLI'!$A$6,$A20='CELLE NOTEVOLI'!$A$7,$A20='CELLE NOTEVOLI'!$A$8),IF($A20=$A19,$D19,$D19-2),$D19-1))))) -> 85
A21: =IF(COUNTA($A$2:$A20)>$G$3-1,COUNTA($A$2:$A20)+1&'CELLE NOTEVOLI'!$A$9,'CELLE NOTEVOLI'!$A$8) -> USCITI AI SEDICESIMI DI FINALE | D21: =IF($A21="","",IF($A21='CELLE NOTEVOLI'!$A$2,1+($G$5*1)+(($G$3-2)*2)+(2*5),IF($A21='CELLE NOTEVOLI'!$A$3,$D20-5,IF($A21='CELLE NOTEVOLI'!$A$4,$D20-5,IF(OR($A21='CELLE NOTEVOLI'!$A$5,$A21='CELLE NOTEVOLI'!$A$6,$A21='CELLE NOTEVOLI'!$A$7,$A21='CELLE NOTEVOLI'!$A$8),IF($A21=$A20,$D20,$D20-2),$D20-1))))) -> 85
A22: =IF(COUNTA($A$2:$A21)>$G$3-1,COUNTA($A$2:$A21)+1&'CELLE NOTEVOLI'!$A$9,'CELLE NOTEVOLI'!$A$8) -> USCITI AI SEDICESIMI DI FINALE | D22: =IF($A22="","",IF($A22='CELLE NOTEVOLI'!$A$2,1+($G$5*1)+(($G$3-2)*2)+(2*5),IF($A22='CELLE NOTEVOLI'!$A$3,$D21-5,IF($A22='CELLE NOTEVOLI'!$A$4,$D21-5,IF(OR($A22='CELLE NOTEVOLI'!$A$5,$A22='CELLE NOTEVOLI'!$A$6,$A22='CELLE NOTEVOLI'!$A$7,$A22='CELLE NOTEVOLI'!$A$8),IF($A22=$A21,$D21,$D21-2),$D21-1))))) -> 85
A23: =IF(COUNTA($A$2:$A22)>$G$3-1,COUNTA($A$2:$A22)+1&'CELLE NOTEVOLI'!$A$9,'CELLE NOTEVOLI'!$A$8) -> USCITI AI SEDICESIMI DI FINALE | D23: =IF($A23="","",IF($A23='CELLE NOTEVOLI'!$A$2,1+($G$5*1)+(($G$3-2)*2)+(2*5),IF($A23='CELLE NOTEVOLI'!$A$3,$D22-5,IF($A23='CELLE NOTEVOLI'!$A$4,$D22-5,IF(OR($A23='CELLE NOTEVOLI'!$A$5,$A23='CELLE NOTEVOLI'!$A$6,$A23='CELLE NOTEVOLI'!$A$7,$A23='CELLE NOTEVOLI'!$A$8),IF($A23=$A22,$D22,$D22-2),$D22-1))))) -> 85
A24: =IF(COUNTA($A$2:$A23)>$G$3-1,COUNTA($A$2:$A23)+1&'CELLE NOTEVOLI'!$A$9,'CELLE NOTEVOLI'!$A$8) -> USCITI AI SEDICESIMI DI FINALE | D24: =IF($A24="","",IF($A24='CELLE NOTEVOLI'!$A$2,1+($G$5*1)+(($G$3-2)*2)+(2*5),IF($A24='CELLE NOTEVOLI'!$A$3,$D23-5,IF($A24='CELLE NOTEVOLI'!$A$4,$D23-5,IF(OR($A24='CELLE NOTEVOLI'!$A$5,$A24='CELLE NOTEVOLI'!$A$6,$A24='CELLE NOTEVOLI'!$A$7,$A24='CELLE NOTEVOLI'!$A$8),IF($A24=$A23,$D23,$D23-2),$D23-1))))) -> 85
A25: =IF(COUNTA($A$2:$A24)>$G$3-1,COUNTA($A$2:$A24)+1&'CELLE NOTEVOLI'!$A$9,'CELLE NOTEVOLI'!$A$8) -> USCITI AI SEDICESIMI DI FINALE | D25: =IF($A25="","",IF($A25='CELLE NOTEVOLI'!$A$2,1+($G$5*1)+(($G$3-2)*2)+(2*5),IF($A25='CELLE NOTEVOLI'!$A$3,$D24-5,IF($A25='CELLE NOTEVOLI'!$A$4,$D24-5,IF(OR($A25='CELLE NOTEVOLI'!$A$5,$A25='CELLE NOTEVOLI'!$A$6,$A25='CELLE NOTEVOLI'!$A$7,$A25='CELLE NOTEVOLI'!$A$8),IF($A25=$A24,$D24,$D24-2),$D24-1))))) -> 85
A26: =IF(COUNTA($A$2:$A25)>$G$3-1,COUNTA($A$2:$A25)+1&'CELLE NOTEVOLI'!$A$9,'CELLE NOTEVOLI'!$A$8) -> USCITI AI SEDICESIMI DI FINALE | D26: =IF($A26="","",IF($A26='CELLE NOTEVOLI'!$A$2,1+($G$5*1)+(($G$3-2)*2)+(2*5),IF($A26='CELLE NOTEVOLI'!$A$3,$D25-5,IF($A26='CELLE NOTEVOLI'!$A$4,$D25-5,IF(OR($A26='CELLE NOTEVOLI'!$A$5,$A26='CELLE NOTEVOLI'!$A$6,$A26='CELLE NOTEVOLI'!$A$7,$A26='CELLE NOTEVOLI'!$A$8),IF($A26=$A25,$D25,$D25-2),$D25-1))))) -> 85
A27: =IF(COUNTA($A$2:$A26)>$G$3-1,COUNTA($A$2:$A26)+1&'CELLE NOTEVOLI'!$A$9,'CELLE NOTEVOLI'!$A$8) -> USCITI AI SEDICESIMI DI FINALE | D27: =IF($A27="","",IF($A27='CELLE NOTEVOLI'!$A$2,1+($G$5*1)+(($G$3-2)*2)+(2*5),IF($A27='CELLE NOTEVOLI'!$A$3,$D26-5,IF($A27='CELLE NOTEVOLI'!$A$4,$D26-5,IF(OR($A27='CELLE NOTEVOLI'!$A$5,$A27='CELLE NOTEVOLI'!$A$6,$A27='CELLE NOTEVOLI'!$A$7,$A27='CELLE NOTEVOLI'!$A$8),IF($A27=$A26,$D26,$D26-2),$D26-1))))) -> 85
A28: =IF(COUNTA($A$2:$A27)>$G$3-1,COUNTA($A$2:$A27)+1&'CELLE NOTEVOLI'!$A$9,'CELLE NOTEVOLI'!$A$8) -> USCITI AI SEDICESIMI DI FINALE | D28: =IF($A28="","",IF($A28='CELLE NOTEVOLI'!$A$2,1+($G$5*1)+(($G$3-2)*2)+(2*5),IF($A28='CELLE NOTEVOLI'!$A$3,$D27-5,IF($A28='CELLE NOTEVOLI'!$A$4,$D27-5,IF(OR($A28='CELLE NOTEVOLI'!$A$5,$A28='CELLE NOTEVOLI'!$A$6,$A28='CELLE NOTEVOLI'!$A$7,$A28='CELLE NOTEVOLI'!$A$8),IF($A28=$A27,$D27,$D27-2),$D27-1))))) -> 85
A29: =IF(COUNTA($A$2:$A28)>$G$3-1,COUNTA($A$2:$A28)+1&'CELLE NOTEVOLI'!$A$9,'CELLE NOTEVOLI'!$A$8) -> USCITI AI SEDICESIMI DI FINALE | D29: =IF($A29="","",IF($A29='CELLE NOTEVOLI'!$A$2,1+($G$5*1)+(($G$3-2)*2)+(2*5),IF($A29='CELLE NOTEVOLI'!$A$3,$D28-5,IF($A29='CELLE NOTEVOLI'!$A$4,$D28-5,IF(OR($A29='CELLE NOTEVOLI'!$A$5,$A29='CELLE NOTEVOLI'!$A$6,$A29='CELLE NOTEVOLI'!$A$7,$A29='CELLE NOTEVOLI'!$A$8),IF($A29=$A28,$D28,$D28-2),$D28-1))))) -> 85
... A65: =IF(COUNTA($A$2:$A64)>$G$3-1,COUNTA($A$2:$A64)+1&'CELLE NOTEVOLI'!$A$9,'CELLE NOTEVOLI'!$A$8) -> 64° POSTO | D65: =IF($A65="","",IF($A65='CELLE NOTEVOLI'!$A$2,1+($G$5*1)+(($G$3-2)*2)+(2*5),IF($A65='CELLE NOTEVOLI'!$A$3,$D64-5,IF($A65='CELLE NOTEVOLI'!$A$4,$D64-5,IF(OR($A65='CELLE NOTEVOLI'!$A$5,$A65='CELLE NOTEVOLI'!$A$6,$A65='CELLE NOTEVOLI'!$A$7,$A65='CELLE NOTEVOLI'!$A$8),IF($A65=$A64,$D64,$D64-2),$D64-1))))) -> 53

Sheet CELLE NOTEVOLI
A1: POSIZIONE FINALE | C1: # SQUADRE FASE FINALE
A2: VINCITORE - 1° POSTO | C2: 2
A3: FINALISTA - 2° POSTO | C3: =C2*2 -> 4
A4: SEMIFINALISTA - 3° POSTO | C4: =C3*2 -> 8
A5: SEMIFINALISTA - 4° POSTO | C5: =C4*2 -> 16
A6: USCITI AI QUARTI DI FINALE | C6: =C5*2 -> 32
A7: USCITI AGLI OTTAVI DI FINALE
A8: USCITI AI SEDICESIMI DI FINALE
A9: ° POSTO
